address,city,state,zip,email,first_name,last_name
7638 Locust St.,Wilmington,MA,1887,hllam@yahoo.com,Cassidy,Horn
348 Foxrun Avenue,Sandusky,OH,44870,campware@outlook.com,Angela,Bennett
94 Lake Rd.,Leominster,MA,1453,aracne@verizon.net,Lucille,Hoover
154 Gates St.,Titusville,FL,32780,jfreedma@verizon.net,Brogan,Villa
41 West Myrtle St.,Hernando,MS,38632,sinclair@me.com,Kristin,Ramirez
65 Sulphur Springs Road,Winder,GA,30680,squirrel@yahoo.ca,Keith,Fischer
626 Brookside Drive,Centereach,NY,11720,bhima@outlook.com,Dwayne,Fischer
7885 W. Alderwood Ave.,Parkersburg,WV,26101,koudas@hotmail.com,Juan,Mcintyre
7651 West Rockaway Rd.,Indiana,PA,15701,leviathan@msn.com,Essence,Guerrero
970 Fairground Lane,Salt Lake City,UT,84119,nicktrig@comcast.net,Izaiah,Dorsey
72 W. Glen Ridge Dr.,Kenosha,WI,53140,bbirth@live.com,Jamar,Davis
268 Argyle Street,Roanoke,VA,24012,arandal@msn.com,Courtney,Duke
8984 South Anderson St.,Wakefield,MA,1880,mobileip@sbcglobal.net,Broderick,Bullock
7329 Gainsway Ave.,Elkhart,IN,46514,andale@mac.com,Yuliana,Newton
736NW. Vine Ave.,Bettendorf,IA,52722,codex@mac.com,Carmelo,Gaines
279 Walnutwood St.,South Plainfield,NJ,7080,bryanw@sbcglobal.net,Toby,Garner
60 Ketch Harbour Dr.,Anaheim,CA,92806,meder@att.net,Jazmin,Cooley
93 West Selby Lane,Groton,CT,6340,uqmcolyv@me.com,Dominik,Hayden
266 Arrowhead Street,Birmingham,AL,35209,weazelman@gmail.com,Joanna,Spence
604 Essex St.,Sun Prairie,WI,53590,markjugg@icloud.com,Ernest,Lynch
594 Rock Maple Drive,Asheboro,NC,27205,offthelip@me.com,Kyan,Atkinson
7255 West Strawberry St.,Brighton,MA,2135,vertigo@att.net,Cole,Jimenez
8062 Bridle St.,Williamstown,NJ,8094,vsprintf@outlook.com,Kamden,Hayden
93 Middle River Ave.,Orange,NJ,7050,cremonini@gmail.com,Emily,Henry
7120 Mayfair St.,Melbourne,FL,32904,houle@hotmail.com,Brice,Medina
7721 Annadale Dr.,Murfreesboro,TN,37128,jigsaw@yahoo.com,Hazel,Reed
8106 Foster Ave.,Shepherdsville,KY,40165,afifi@me.com,Valentin,Hendrix
7727 Ashley St.,Mesa,AZ,85203,webinc@icloud.com,Dania,Copeland
7599 Howard Court,Moses Lake,WA,98837,denton@optonline.net,Reese,Baxter
7156 Campfire St.,Sheboygan,WI,53081,parrt@att.net,Reuben,Perkins
12 S. Golf Drive,Hazleton,PA,18201,rhialto@msn.com,Diamond,Moss
76 E. Smith Dr.,Bel Air,MD,21014,djupedal@optonline.net,Yaritza,Austin
434 Tallwood Court,Dickson,TN,37055,drewf@optonline.net,Gianna,Poole
7288 Third Street,Amityville,NY,11701,offthelip@att.net,Kierra,Barrett
8267 South Gates Lane,Key West,FL,33040,sacraver@live.com,Elijah,Newton
707 Garden Ave.,Bowie,MD,20715,fglock@msn.com,Eddie,Shah
9233 Colonial St.,Oceanside,NY,11572,godeke@live.com,Stephany,Bender
366 Lower River St.,Midland,MI,48640,starstuff@comcast.net,Wayne,Lucero
8463 Devon Ave.,Merrillville,IN,46410,natepuri@verizon.net,Mia,Maynard
739 County Lane,Ellenwood,GA,30294,rsteiner@sbcglobal.net,Kolten,Cantu
5 Piper Lane,Alliance,OH,44601,smpeters@icloud.com,Jean,Mitchell
46 Sleepy Hollow Street,Newton,NJ,7860,geoffr@gmail.com,Jaylah,Ballard
34 San Pablo Ave.,Paducah,KY,42001,unreal@att.net,Tripp,Kane
632 Liberty Street,Jenison,MI,49428,gbacon@icloud.com,Tyler,Ross
8519 W. Prospect Rd.,Spring Valley,NY,10977,mxiao@hotmail.com,Milagros,Cameron
7140 E. Ridgewood Road,North Canton,OH,44720,janusfury@hotmail.com,Kaleigh,Carter
8622 Williams Street,Thomasville,NC,27360,jfmulder@optonline.net,Brooklyn,Cross
9805 Big Rock Cove St.,Latrobe,PA,15650,seano@aol.com,Karter,Huerta
130 Birchwood Lane,Fort Mill,SC,29708,sarahs@optonline.net,Giovanna,Parks
2 Arnold Street,Valrico,FL,33594,subir@gmail.com,Roselyn,Castaneda
383 Walnutwood Ave.,Rolling Meadows,IL,60008,noodles@optonline.net,Kristopher,Mccarty
941 Wilson Rd.,Chattanooga,TN,37421,cisugrad@live.com,Aditya,Irwin
9120 Wagon Ave.,Rosedale,NY,11422,mallanmba@yahoo.ca,Jairo,Whitehead
821 Philmont Court,Yakima,WA,98908,noticias@aol.com,Mallory,Terry
65 Fawn St.,North Kingstown,RI,2852,jfreedma@verizon.net,Gaven,Velasquez
151 Rockville St.,Port Jefferson Station,NY,11776,amcuri@icloud.com,Gemma,Owen
739 Wagon Dr.,Loxahatchee,FL,33470,jaarnial@me.com,Athena,James
172 Clinton St.,Sanford,NC,27330,jsmith@mac.com,Brenda,Mooney
9515 Glen Creek St.,Snellville,GA,30039,jacks@hotmail.com,Eugene,Rojas
997 N. Elm St.,Yuma,AZ,85365,gordonjcp@hotmail.com,Urijah,Walters
7404 Green Court,Wyoming,MI,49509,bescoto@icloud.com,Kingston,Navarro
9167 West Sage Lane,New Orleans,LA,70115,cliffski@yahoo.ca,Bruno,Rush
36 Fairview Drive,Feasterville Trevose,PA,19053,danny@att.net,Amara,Figueroa
413 Fairfield Circle,Satellite Beach,FL,32937,sabren@hotmail.com,Carsen,Stanley
8899 E. East Drive,Logansport,IN,46947,jusdisgi@hotmail.com,Enrique,White
656 S. Howard Ave.,Gulfport,MS,39503,danzigism@yahoo.ca,Halle,Brock
35 Poor House Lane,Port Charlotte,FL,33952,donev@live.com,Madelynn,Orr
765 Orange Lane,Oshkosh,WI,54901,dpitts@comcast.net,Alfonso,Marshall
9305 Sheffield Lane,Lincoln,NE,68506,dkeeler@optonline.net,Dominique,Burke
13 Inverness Street,Clementon,NJ,8021,hellfire@optonline.net,Anna,Shaw
8107 Elizabeth Dr.,Lanham,MD,20706,aracne@live.com,Tate,Underwood
787 North Greystone St.,Lagrange,GA,30240,garyjb@optonline.net,Miguel,Brady
536 Shady Lane,Orland Park,IL,60462,louise@msn.com,Tia,Gregory
671 Augusta St.,Minneapolis,MN,55406,jcholewa@outlook.com,Joe,Valdez
7 Oak Meadow Dr.,Mason City,IA,50401,jgwang@yahoo.com,Daphne,Landry
1 South Valley View Ave.,Piscataway,NJ,8854,webinc@hotmail.com,Keyon,Soto
703 Brookside St.,Eugene,OR,97402,gilmoure@me.com,Andrea,Short
112 Henry Smith Road,Utica,NY,13501,webteam@me.com,Liberty,Hanna
9029 Foxrun Ave.,Bethesda,MD,20814,evans@aol.com,Amber,Oconnell
709 W. Court Dr.,Corona,NY,11368,munge@outlook.com,Kael,Garrett
7476 Parker Avenue,Rockville,MD,20850,kobayasi@hotmail.com,Hadassah,Watkins
8855 Belmont Street,South Lyon,MI,48178,louise@outlook.com,Brendon,Jarvis
212 Longfellow Dr.,Gettysburg,PA,17325,aschmitz@icloud.com,Abram,Mayo
8500 W. Manchester St.,West Bend,WI,53095,thaljef@live.com,Asher,Short
9689 Canterbury Lane,Hicksville,NY,11801,pgottsch@sbcglobal.net,Augustus,Chang
230 Randall Mill Drive,Mechanicsburg,PA,17050,world@hotmail.com,Karter,Costa
463 Shipley Rd.,Battle Creek,MI,49015,mcnihil@att.net,Clara,Drake
139 Deerfield Court,Aliquippa,PA,15001,sonnen@msn.com,Mary,Schultz
75 Woodsman Street,Aiken,SC,29803,singh@hotmail.com,Elyse,Bradley
40 Yukon Road,Oconomowoc,WI,53066,lamky@comcast.net,Karissa,Thompson
528 S. University Dr.,Seymour,IN,47274,nogin@mac.com,Reynaldo,Quinn
7164 West Rockwell Street,New Windsor,NY,12553,treit@icloud.com,Jamar,Case
74 Marsh St.,Marysville,OH,43040,kingjoshi@att.net,Rayan,Avila
86 Old York Ave.,Ithaca,NY,14850,british@me.com,Omar,Warner
3 Shadow Brook Street,Selden,NY,11784,torgox@msn.com,Sidney,Wheeler
87 Beaver Ridge St.,Youngstown,OH,44512,jwarren@me.com,Georgia,Curry
55 Foster Lane,Detroit,MI,48205,maradine@comcast.net,Emelia,Cunningham
38 Green Lake Drive,Lindenhurst,NY,11757,preneel@yahoo.ca,Addison,Terrell
834 Edgefield St.,Banning,CA,92220,ribet@yahoo.com,Brennan,Norris
585 Arcadia Dr.,Fairmont,WV,26554,plover@yahoo.ca,Rosemary,Watts
491 Dogwood Lane,Livingston,NJ,7039,hillct@aol.com,Julianna,Jennings
8332 Ridgeview Ave.,Clayton,NC,27520,tskirvin@outlook.com,Esther,Sexton
8308 College Drive,Madisonville,KY,42431,webteam@yahoo.com,Anton,Stanley
209 Victoria Ave.,Shrewsbury,MA,1545,boomzilla@sbcglobal.net,Addyson,Ramirez
346 Washington Street,Sicklerville,NJ,8081,campware@me.com,Roderick,Sherman
8651 School St.,Fort Wayne,IN,46804,jsmith@live.com,Pedro,Mejia
399 Sugar St.,Clarkston,MI,48348,szymansk@aol.com,Aaron,Gilbert
7110 South Clay Road,Kingsport,TN,37660,ullman@me.com,Shania,Gibson
9 E. Talbot St.,Champlin,MN,55316,fwiles@msn.com,Brenton,Wilkinson
998 Old Sunset Court,Faribault,MN,55021,mschwartz@live.com,Oswaldo,Kelley
379 Stillwater Drive,Holbrook,NY,11741,miyop@sbcglobal.net,Frank,Donovan
9293 Rosewood Lane,Capitol Heights,MD,20743,maikelnai@msn.com,Alanna,Parsons
928 Lees Creek Ave.,Orchard Park,NY,14127,tromey@verizon.net,Kaley,Watson
759 High Noon Road,Milton,MA,2186,snunez@gmail.com,Hannah,Harrington
928 Southampton St.,El Paso,TX,79930,staikos@gmail.com,Shane,Burnett
33 Myers Avenue,Phillipsburg,NJ,8865,rbarreira@yahoo.ca,Connor,English
8438C E. Morris Ave.,West Bloomfield,MI,48322,boomzilla@verizon.net,Hana,Roberts
9798 Princess St.,Auburndale,FL,33823,lbecchi@aol.com,Alvin,Nash
9597 Manhattan Street,Helotes,TX,78023,tangsh@yahoo.com,Natalya,Webb
4 Meadowbrook Ave.,Winston Salem,NC,27103,mxiao@gmail.com,Sloane,Gray
9887 Water Drive,Grove City,OH,43123,barlow@hotmail.com,Cohen,Yang
88 Beech Lane,Saint Joseph,MI,49085,goldberg@att.net,Jaylene,Friedman
64 Indian Spring St.,Wheeling,WV,26003,gtaylor@outlook.com,Zackery,Mcclain
8924 Pawnee St.,Lutherville Timonium,MD,21093,shawnce@aol.com,Tia,Jensen
7595 West Linda Ave.,Mansfield,MA,2048,dobey@comcast.net,Elena,Villa
274 East Willow Ave.,Allentown,PA,18102,yangyan@att.net,Mara,Kent
55 Pheasant St.,Bear,DE,19701,ralamosm@verizon.net,Ean,Green
867 Brickell St.,Mcdonough,GA,30252,dpitts@yahoo.ca,Ty,Craig
7577 Durham St.,Millington,TN,38053,dawnsong@aol.com,Noemi,Mcgrath
9751 Hall Drive,Marlton,NJ,8053,manuals@live.com,Averi,Buck
9050 Cedarwood Drive,Dayton,OH,45420,okroeger@aol.com,Dale,Benjamin
278 E. Thompson Ave.,Council Bluffs,IA,51501,stellaau@live.com,Jadyn,Young
34 S. Halifax Court,Waterloo,IA,50701,amaranth@sbcglobal.net,Andy,Melendez
650C Pheasant Circle,Jonesboro,GA,30236,fraser@outlook.com,Isaac,Nichols
72 Walnut Ave.,Manahawkin,NJ,8050,gavollink@outlook.com,Hugh,Williams
9676 Del Monte St.,Des Moines,IA,50310,telbij@gmail.com,Harry,Sweeney
689 Plymouth Ave.,Downingtown,PA,19335,atmarks@optonline.net,Bruno,Weaver
622 Spring Ave.,Anderson,SC,29621,garland@yahoo.ca,Jesse,Perkins
96 Swanson St.,Park Ridge,IL,60068,gward@live.com,Nikolai,Phillips
293 Overlook Rd.,Wausau,WI,54401,vmalik@msn.com,Alexus,Harrell
89 2nd St.,Richardson,TX,75080,seanq@att.net,Jasmine,Mueller
7875 Gulf Street,Winter Haven,FL,33880,bruck@yahoo.com,Jenna,Crosby
854 Joy Ridge Court,Raleigh,NC,27603,frode@att.net,Macey,Munoz
502 Homewood Street,East Stroudsburg,PA,18301,yxing@me.com,Ahmad,Hodge
708 Edgemont Avenue,Eau Claire,WI,54701,gemmell@aol.com,Bradyn,Kidd
557 West Briarwood St.,Howard Beach,NY,11414,bester@optonline.net,Anastasia,Flores
8207 Oakland St.,Augusta,GA,30906,sethbrown@optonline.net,Cesar,Church
520 Lantern Road,Pewaukee,WI,53072,british@verizon.net,Madelynn,Obrien
7421 Morris Street,Harrisburg,PA,17109,caronni@yahoo.com,Larry,Heath
8294 Adams St.,Waynesboro,PA,17268,simone@yahoo.ca,Shyla,Mcguire
32 Ridge Drive,Winter Park,FL,32792,eimear@aol.com,Rudy,Carson
3 Hawthorne Court,Ridgefield,CT,6877,ntegrity@att.net,Azul,Solis
795 E. Central St.,Columbia,MD,21044,preneel@optonline.net,Ryan,Crane
756 Johnson Lane,Waltham,MA,2453,chrisj@me.com,Salma,Crane
405 Halifax St.,Mooresville,NC,28115,neonatus@yahoo.com,Whitney,Hardin
592 Glenwood St.,Severn,MD,21144,ylchang@comcast.net,Bridger,Bradley
9416 West Aspen Ave.,Petersburg,VA,23803,jgmyers@hotmail.com,Gabriel,Atkinson
8280 Cooper Dr.,Hackettstown,NJ,7840,mkearl@yahoo.ca,Sam,Estrada
9031 Roosevelt St.,Miamisburg,OH,45342,warrior@mac.com,Londyn,Johns
77 Princess Street,Cincinnati,OH,45211,floxy@yahoo.ca,Ricardo,Li
947 Redwood Court,Oakland,CA,94603,yxing@optonline.net,Gianna,Black
9 Kirkland Court,Glasgow,KY,42141,iapetus@outlook.com,Layton,Greer
1 Gartner Road,Duarte,CA,91010,niknejad@sbcglobal.net,Sara,Burnett
9 Evergreen Lane,Hamilton,OH,45011,demmel@yahoo.ca,Parker,Guerrero
2 Bridgeton Lane,Chaska,MN,55318,lstaf@verizon.net,Nia,Mathis
7106 Acacia Rd.,Little Rock,AR,72209,fudrucker@comcast.net,Monique,Shannon
1 East Shadow Brook Avenue,Rocklin,CA,95677,fmerges@gmail.com,Nia,Mcfarland
9220 East James St.,Englewood,NJ,7631,phyruxus@icloud.com,Gina,Robertson
634 Summer Rd.,Sacramento,CA,95820,pkilab@yahoo.com,Jaxson,James
165 Blackburn Rd.,Memphis,TN,38106,sagal@icloud.com,Kolton,Lyons
19 Lake St.,Anoka,MN,55303,aracne@live.com,Jarrett,Ramirez
177 Peg Shop Court,New Milford,CT,6776,meder@aol.com,Keenan,Mcintyre
792 Fieldstone St.,Roselle,IL,60172,sopwith@yahoo.com,Kassidy,Haynes
915 New Road,Chesterfield,VA,23832,seanq@comcast.net,Dana,Mayer
732 Front Lane,Morristown,NJ,7960,crypt@msn.com,Meredith,Parks
9632 Pennington Lane,Ottumwa,IA,52501,alastair@att.net,Alejandro,Irwin
188 S. Leatherwood Dr.,Barberton,OH,44203,citadel@outlook.com,Troy,Black
605 Mill Pond Ave.,Southington,CT,6489,pontipak@att.net,Halle,Beard
753 Amerige Dr.,Venice,FL,34293,helger@optonline.net,Meadow,Singleton
67 Fawn Ave.,Muskegon,MI,49441,ilyaz@aol.com,Evelyn,Daugherty
71 Oak Meadow Street,Saugus,MA,1906,meinkej@aol.com,Amelia,Wong
8931 Border St.,Butler,PA,16001,fukuchi@yahoo.ca,Rogelio,Paul
473 Fremont Court,Ephrata,PA,17522,pemungkah@verizon.net,Brisa,Moody
90 Coffee Street,Sioux City,IA,51106,ntegrity@optonline.net,Elianna,Bishop
28 Edgefield Street,Amarillo,TX,79106,dmouse@sbcglobal.net,Harry,Cobb
7625 Baker St.,Cape Coral,FL,33904,tskirvin@gmail.com,Tommy,Rojas
59 Rock Creek Lane,Dothan,AL,36301,kodeman@optonline.net,Mike,Johns
2 Bay Street,Hartselle,AL,35640,markjugg@mac.com,Reagan,Barber
527 1st St.,Pompano Beach,FL,33060,sarahs@comcast.net,Gavyn,Frazier
51 Pin Oak Rd.,Oak Ridge,TN,37830,notaprguy@mac.com,Edward,Burke
746 Lakeview Street,Round Lake,IL,60073,stakasa@verizon.net,Quinten,Martin
60 Buckingham Street,Tampa,FL,33604,parksh@att.net,Aleena,Norton
7058 W. Academy Street,Stroudsburg,PA,18360,miltchev@icloud.com,Deven,Conway
338 Holly St.,Troy,NY,12180,errxn@yahoo.com,Zoie,Bird
7839 Roberts St.,Deerfield,IL,60015,rattenbt@icloud.com,Omari,Singleton
27 Vine Court,Moorhead,MN,56560,evilopie@att.net,Asa,Lynn
72 East Miles Ave.,Kansas City,MO,64151,kudra@verizon.net,Deacon,Garrison
7697 West Fifth Ave.,Ossining,NY,10562,pdbaby@hotmail.com,Stephen,Barron
7617 High Lane,Chillicothe,OH,45601,library@yahoo.com,Daniela,Byrd
9151 Woodsman St.,Elk Grove Village,IL,60007,fatelk@icloud.com,Maurice,Blair
